{"version":204,"hash":{"type":"Buffer","data":"i2xT5AL+XcFLoVy3DNdNdPWsypHmsYPCr1M9jffkDuXWrKRuj0sus9WMSg5+/7iNtSGSydWlYl/Xyfv6dzTidZ8Ep4hjZ3WU4gQ8qLZNpw8jDdU7Io0lkDBSGu5LZSz6YzsSQVW3XvW2PWAFVZbgCu1N/15oRS0vmFM31x/B3EA="},"indexValueMap":{"ABucBdPghfPVc1wnh2JNLv5F+fdj9ro2+JPIxuNO4S0=":{"valueMac":{"type":"Buffer","data":"D9vIHhr6LO5LJa9AJOAF3kj8w6sFdGXu35ziD5RA+b8="}},"A28l+kxM46PDlUeBy3JOmMoZjJfFBKHm/OBC3N9KMIQ=":{"valueMac":{"type":"Buffer","data":"9l8PdPqTBKMrqkFnnTz0CAQiaaeeIo4l/VaAK3oq1zk="}},"CCX3vJWGWab3IQ1xYfNzF8998NsjXcRKUq1/D2nlpcg=":{"valueMac":{"type":"Buffer","data":"ftPXpnlBhkL9y7QzOnkZfGnSp+QlhmALCUpjCoXpmEw="}},"CbGRIcid/2IJUCWsoX3RoP1zCghwhDmP5Gy3oRYwXWw=":{"valueMac":{"type":"Buffer","data":"sJJWIp6M9CRzLyyKWe5vKS5ocBnzvanp7foH5Xl5dhA="}},"ChpC6PFjdFWjksR+y/9vPGTgVr+ZuQ7xPNjMFvsavWI=":{"valueMac":{"type":"Buffer","data":"+4kPl63qmkl1Yi94cw25y8KDLINvqTZUhC4AL0UshAU="}},"D278o8mtXki/IKTIWD9FC+vxv5YSn5UDAQ5EicJaOq0=":{"valueMac":{"type":"Buffer","data":"0teTxpcrxI4U1lfUzV0Hm+HaWDNBHvysr164zMFEWK4="}},"EC4pxeqKWMBPm9A+lTfmx5oi1igDy8gdY3ENGL7WbtQ=":{"valueMac":{"type":"Buffer","data":"g4ajMQ6295w7harFPARux1umHXKB1A2//lCMj7cUv2o="}},"Eb3xqDkTaWT1oDU7+Cms3lzT1bdjesexe4zJQg12o18=":{"valueMac":{"type":"Buffer","data":"cz1zNaH5If7kYs338hLCH5M0MTC/vW3b7Waa9YKz8uA="}},"EdyrSLNWHNtLSdWj3IMsOBANvwtb05t1PgFzx6RYyjE=":{"valueMac":{"type":"Buffer","data":"S7dLHooBRPAgTEhKBWmzBM20+3XT+IlFJZt8Z44BAQ4="}},"F7oeMzLXMmM7xhHc7OHVME2RRDqJuD5PkUHoINP20XE=":{"valueMac":{"type":"Buffer","data":"x/SEiR+WMOR73Enoi72n+r0CbBfuztpVEm8dsU1E1eg="}},"GVHJB9mRXUjCMAuLyQU7v9lwDNvd8i14SBK/4+lSoRU=":{"valueMac":{"type":"Buffer","data":"CbnBqdJaykjHbyzkGjf37N3PURhcGaAdxkDsmH2hECM="}},"Gwdz5kaCDEqCPS565HfmrQbzLDXP6E+bhrUaRgYn16o=":{"valueMac":{"type":"Buffer","data":"vs1jbZpETOjWebPsPmDb8wHHOiNFQL08Wgd48XRApU4="}},"HcNFuoKBHigo9hDF746SslCxKtbv/fLYvCx3rIQAZxA=":{"valueMac":{"type":"Buffer","data":"/cFuu+cRsksR1m4Jm6M2JEc2+bmzY6fL80paoFgZJ2A="}},"JKESPyHaw7yx6N2cKWvV+kIAE+ccOXz1M8wscJGwwxM=":{"valueMac":{"type":"Buffer","data":"pCvR8dyHTZ3Lmj/HQhrYaWRac9Ydo398X8/LTLYVVXU="}},"JXI4iBhNyQlrGz0iMVXgpF8P+n1owgAU8kT6gIhRjW4=":{"valueMac":{"type":"Buffer","data":"ZaskR175u775THlW1A8o+4eNsbo15QDNrJFexwuS14w="}},"JqfeMidj3rNbJ9OwWnsCBAHRX+YCb6LSHGlFIFfnA6I=":{"valueMac":{"type":"Buffer","data":"Zxyfvo6OxtDa5aCANuUBpKw8pyXH6IRBrf0R73XySVY="}},"J2yWXzDKJCuewDievtzAu9LpJS7re49goJRemfKktb8=":{"valueMac":{"type":"Buffer","data":"exh/6AVQPefGjAWbVxQydRiMdamBSvcF60DVKUikNCY="}},"K0f6PQdZTPCPQMn276flLqWORh5GccrIj9pGuxMwwbA=":{"valueMac":{"type":"Buffer","data":"m54u/jva4FTNWjSaCrM2lU506wUrqrkSgyyyz2/4Hos="}},"K4ravxrJUQCIRKVT5CHoozOyhbLVEoiWdcoW3DV+rdg=":{"valueMac":{"type":"Buffer","data":"tt7uoA5YRRnO48tz0maLlsVuEmzVLdlNPK2aP3qi4+c="}},"LHLl829aaNhGFIsZ6q/vJbxIsy5qPKbYDC0DHNPWhJM=":{"valueMac":{"type":"Buffer","data":"cNxVdqcD9DzEbMb3b8Ded0R4j13AbRxm+AsvHSFREEo="}},"MlauIO6ukCNP/eWzGr/THZfKntPDnU5DGOaGU0j/i5E=":{"valueMac":{"type":"Buffer","data":"Mdj4okg4cAhBPaH7Nf5KqqrxQa6AtNDFGpB++b83QDY="}},"NGymFbPXFsvpdsZW0hQTcS9jTuWp1xCLicFPFKBVcRs=":{"valueMac":{"type":"Buffer","data":"dnicvxt5zDuzAJLXUoqD2crRZZ1T0/LP5d8RikcMICI="}},"NiyXPR23vT2vrMTHa6knlbEUIFMkyyy7uXxnTXvow4Y=":{"valueMac":{"type":"Buffer","data":"d1VEhpTbyLZoFHLvhy1U0FljT/gwOc65dQMMXFLVG+o="}},"NnEuJKvzoQHi0lzOPEQZ9WGJ3/dXXeHnS7I7cdqUtDY=":{"valueMac":{"type":"Buffer","data":"mHg+V/VKPMja2s4gQCoz3CZ5cK/E/15I508oW7LJJJY="}},"NuxMjp0AgDqSqxVieXZjm1nFTjBZtluBhSGxry/iGwE=":{"valueMac":{"type":"Buffer","data":"tdzHFdVXzYO0yaqqwC7SaIy83hFn82hODayPpkg5vGY="}},"OF0Tl2oMQpElgqPd2xxvBRHPw4jGSxNXxX3qDUw5qN4=":{"valueMac":{"type":"Buffer","data":"3TGSDJxWTLjk0/INA29N6ZI+AbotMCTxVFdjrxGIR50="}},"PRwbx6N+quxN+YhS0U3m9iiyHWsHUpAmcYoMYziEibw=":{"valueMac":{"type":"Buffer","data":"eX5zccHnksTSYSlKaZ/l2f36j9VBsuGppZz3w1LQEA8="}},"PW0LgI/kkWhc1oKRu2EPysxvHQlDXyvLmgHznbXLEd4=":{"valueMac":{"type":"Buffer","data":"lJbusujWuTtyLTTzutE9GoMDKwm5PBfZyDrTim9BYSA="}},"Pj6fjJ4iAcNTOA61WS4L4QIp9pkbDlK40uAh9Snn0vQ=":{"valueMac":{"type":"Buffer","data":"Vmt6UDxQzGaTxQm0cnaBVTqCVEKwhL7c7X+3JmnKc0s="}},"QOxyVoXNc6o5bEqOlNldLTJazX/cK0FFGWJ/ua1C6JU=":{"valueMac":{"type":"Buffer","data":"67y5hwMRLHFMW6XOwIq+bDH/FaOhKFBS/x29VCBMF+g="}},"QPX3eWDquaupUpJVT/cUck98HehhAkmTEyvkqGo1SOw=":{"valueMac":{"type":"Buffer","data":"ze2wAus4Hoh8O1LHB6OgGiK4+ByBi4qP5LrMR90Zc7I="}},"Qm8yOMWTtDWO0QfdGlpDTaG9TCrAah0EE+u6GvBMVA0=":{"valueMac":{"type":"Buffer","data":"CJwXAQhL34Ehh0OnUQEt+FlAw4iUxb0GpHFsvszjUsA="}},"Q/QtXF93EHXpzjaKWQ3m5NukLdh9iOxq+e9aXeBhjeQ=":{"valueMac":{"type":"Buffer","data":"7OhZKIy5edoKvx81KopXgtplYhYOy5CPA5t+XljJF5I="}},"RQReaOe+fC/mMsJAcG3PAjFJc/GQ5gS+nuc6ZSAE9cE=":{"valueMac":{"type":"Buffer","data":"NivGiobw77pbLj2lzFyxXa3qUDfEl5pFIEqOPRlJoO4="}},"RYt1fF3EreJSji1umabvPp33oFKRKi1sk+ToTq2kE7g=":{"valueMac":{"type":"Buffer","data":"gMjhmuPDM3beuT8YZ54nL2i3BMjCJ4QJ6Vc7AHpy2YA="}},"R2gE54UCc1dACoFmqnZefNzi7zt+Dz6p5jvRYOtYpzE=":{"valueMac":{"type":"Buffer","data":"W1dM0686/ahH/K/3diZ4Z2Pstr9BYhgKeezrT2kES6A="}},"R3myxMZNDGWL+wMQOaPzIef9NAtESrpdbNDeAV5rsJE=":{"valueMac":{"type":"Buffer","data":"9SPChMHtLOGE0MAxrBe3Mu+WIio42yvXr3324YkZ4pw="}},"SlDdx7ge7tNUEgdzqAPcjJOGYC/lbGjsOqB1gnTqtpo=":{"valueMac":{"type":"Buffer","data":"ArSnOZOBTWSPwsHca6LJPJ4+T0GK0X8X1LQm2BCJrZM="}},"TeqonD1CC7cqrIplPoWPS6eEyW8LbEZhuCBeNhGD3CA=":{"valueMac":{"type":"Buffer","data":"aNHkxZVSN+Q7MZ+U9CMxSWUxhkgiWixSllf5ie2vfBA="}},"T+9o9WOBiKwbRi25oE4gL+u7nIun0QAW/RWzrUBrRT4=":{"valueMac":{"type":"Buffer","data":"ROKIqSphe4ydaF1zvRBwk+3sQM+NkMtPi12pTFWfZ80="}},"VAenAoP/fJRBmv89WrostiDLLNlss3Mj1dgmTm6kJik=":{"valueMac":{"type":"Buffer","data":"fPdhfj6x33Nmi30VnZVL2BMxlhSLC5XE1Z8hIEEM+U8="}},"VCjW2wnQyBECEsXKkHZmkteebb849A8o1nMgrmMYlcM=":{"valueMac":{"type":"Buffer","data":"vB8coV2dab/psLeg9zz8xiMAVeuQaG7PIxNaZLWd/8g="}},"VHLXu9QgmKDFbzT8l6LerDcFXASdFoq6kSvhxz8hH+4=":{"valueMac":{"type":"Buffer","data":"EhN9rNZCsYL6ACLjlyfN8nNxNSX87r+Qvj0S/U8g0xQ="}},"VI7I7UwcCjJh97apbetv7QCe2qHGkM78YletGGX5k10=":{"valueMac":{"type":"Buffer","data":"WWVSPOgpaYgEv6OEHC6USf/J6coQ/NP+bM+GAZfT04Y="}},"XMNuqqYOos2qy9166udm6SbuS9KAZk1EdFdPAkBmolQ=":{"valueMac":{"type":"Buffer","data":"RxU98SZdiIVlgZzTkz8jXeGzblyE1ma89cJj160hLoc="}},"XT1EjO/zxOD4GBsh29w5XNdOS0K97/MuTwWU5vz4jbo=":{"valueMac":{"type":"Buffer","data":"YPdkWBFl2wP+Jpt5QZZmlBrwCzzJE5TadtkchWEpFbU="}},"YrUfMD82QwGSd3Bc4yU2tnegPxyP3P15LeyQBMSRqqo=":{"valueMac":{"type":"Buffer","data":"5wUi1u81/NaKGIC4UwQlgq1L+HGmYF2HInqpvsrvoC8="}},"ZOX2lqvOrzkI9qNT0KzgL4dBOm2R9FzWF9TK3elJeFk=":{"valueMac":{"type":"Buffer","data":"5AOXp+eYGrTMHqQwWg6+K+52UjzDioXMvkXa8P1X0MI="}},"ZXWVo53qoxWmJrbbXs59OTU/p0HiE/OwVfvbbMDJ8Ok=":{"valueMac":{"type":"Buffer","data":"vFxnX3uWDQGtrwUCwFH7yaqtBvvTIuJDylooQOhPYXA="}},"a2TJZYMyxOZ06r/3wLWszIvq4/HHDQfhTlN+PvsvLio=":{"valueMac":{"type":"Buffer","data":"BBWmPALF5F5fColg5e8CVGYtdliT6QpfE9baHMBmG/M="}},"a7nb7UdCO55V7TPjJxZrDPuVhKv+atD75BLmN5Sike8=":{"valueMac":{"type":"Buffer","data":"FH8p9Xln90yTxb+BQoRyuKLSs9fBrufTWa8CI/TZAOc="}},"bAMllNR5/YOq5aWLIdaJ02iTLJIMUef5EB4B6NoWzTg=":{"valueMac":{"type":"Buffer","data":"3gjlMf6sBe3RpSU6VXIEeAWvOa9u7PGio4hGnjQSsQc="}},"bUrsRrc8Dt+YxOKZ3cmgytCqBwCJ35ppsDpw6639pFU=":{"valueMac":{"type":"Buffer","data":"FnWNys59dotsGaZtQntkjn+oKrpmqdcqAKeVAtoQBrM="}},"cFwNRpI5mQyPmvJ/P5G1pA6PBFygsbAYJA3rqj+GO+U=":{"valueMac":{"type":"Buffer","data":"mEHaCaIbTOJAfGTsMP+o/uvwjxcGmu7V6mffQuWY/iw="}},"cugbX/mnwV9HjIdNMxRuYHGt32RlMK62Rj+JSGm2DAU=":{"valueMac":{"type":"Buffer","data":"Xq2XocLkDYLmllcPle97TsswinBXClnKfZaUTWSfNcE="}},"c7O2gT3zpJhXlAsDCgcXxBk6mxmOWU2q+EzJ12DEcno=":{"valueMac":{"type":"Buffer","data":"i5lPNtI6UruyZBumPmg2heTjhR9qL69Jtm3gZKAwdtk="}},"d9+bqPIi9Ubinh8rU90puTG/We+JcArDbcZjKVk7m+k=":{"valueMac":{"type":"Buffer","data":"Pb4Xbpr6eovymVyGEJy//ez3+aC5wN9aiAjTC6J5t7M="}},"eJDUpHm3T4tXcYJ/QKmokliwr++xSZlSP1ZGpG8KBCQ=":{"valueMac":{"type":"Buffer","data":"/hC6WCn5eLG2LDhdcIU1MM9qZxZtGZdQKx7jg09VY1M="}},"eKeDV5/pGZcX1E27eO9CspqKy8Tc7xoV6kMGQ+PJSNw=":{"valueMac":{"type":"Buffer","data":"a9OTMToTUPp+k7ko+oBwOpkW5BsGJRg5ErFyeagQk40="}},"eOu8OHU1ONHJC+YGysyOp6LL3aHDKQ6oc1F5W3KY8no=":{"valueMac":{"type":"Buffer","data":"TD0yTnpGDCPr6KqVVcOmgMCIurmGzDiUxJpTb9bdjwU="}},"e5md6t79A/+5FW7faW4f7jIoncBZiv1WIFiQpTEHSL8=":{"valueMac":{"type":"Buffer","data":"KLzrvdHT5Pi3fGQdMV/Z05geoGybMZc02YeXHGD43mA="}},"fMPXPCMTtDzT3fzwjqfo2uhpgy2MAymUZyFotCVflA8=":{"valueMac":{"type":"Buffer","data":"VUyc04+MUF3iVY7SfND2ki+JrspJPO36IAqjhnOQ6ls="}},"fclMc9NfSLRgXdjKUktQIMoDodRX4iNDRbH4mRXwXSQ=":{"valueMac":{"type":"Buffer","data":"hpQdkc6zLf8nz4vbiHR8cOHAg8FtwITnEbJtuRpsPSA="}},"f/ESgqZ5UmzQJz1zTJkljmHm2rsToSyJrrq0PUdHujs=":{"valueMac":{"type":"Buffer","data":"PiQuF6XbLBwFyr3GlHsfjYBaeMsFlrAJhinPWK2bCV4="}},"gArHJFkTM8gOMNVUcjbkkbf/oxReMjwXN2V3T/md5Q4=":{"valueMac":{"type":"Buffer","data":"JtDj3GO0w4D5xmD+l26bT017uwdvEiWqPYkGyRwWkts="}},"gjhSDalESA/hJSkMHBaRZuSoZXxUmHRgw6btVvz1NyI=":{"valueMac":{"type":"Buffer","data":"nsl9S7Y4p+xldw/ZnqjefurAkpC7HNINh9wnh52drqA="}},"iSiqA7/4yn/itERD2vEqUkKkqLSpyOHQHRS2onaWpD0=":{"valueMac":{"type":"Buffer","data":"yFKoG04I1abwouOjRlendKDdL4yYGkhQZxFUmQMbdlg="}},"iToMcXGJ4ipuZmE8YOjbEatugBpJIBt43spK99RUhzY=":{"valueMac":{"type":"Buffer","data":"XXbWfooakbPUeWtdFC+kmxeiU9UEROoAPE8XjCCKRDM="}},"jDYTCO0uc1H8KkvTJoryWugk8yJpKyQDodzk+VxyTZA=":{"valueMac":{"type":"Buffer","data":"je9OTgSeH1HFM/mp9TzTwFyeQa3I0VPoBN451hAT19Y="}},"jzKdmOKUqhnui7qvMwvTRdYFeEIa491zz5fCyvpBpR0=":{"valueMac":{"type":"Buffer","data":"/EZKrBMsIVNsiDJKiDVF0YogzzCo5u+o+QNtEsG0iG4="}},"j2ax8WX1pTOfRrsiblQ/Nf1dEDgFhF8Rdr2qGT1ygBQ=":{"valueMac":{"type":"Buffer","data":"00K4eY++xqqiZWToKl6JTkVeyao3JgFPScgyi52PkOA="}},"j6jIdKivNiBw2M9jzfnOd6LzM0LOizIsr3GS75qEhYw=":{"valueMac":{"type":"Buffer","data":"Y3ukMp6z2DAwD35jg3uf/5OjdBHIUrSr4i7hmJK36bM="}},"kdvN6s9JwTiBW2pYRhn9Cv5yBoWmfxpcVc8snbAq4CI=":{"valueMac":{"type":"Buffer","data":"lheQuqrR+tgBOkJXNGQRPSq0wTkbIvZ4ogLgplz3myY="}},"ke0EWnR6x/i9/pzPKSG3MjKiGzFmRvE4oogEhRznVGc=":{"valueMac":{"type":"Buffer","data":"pq+qq/ESvlBdoaDfuLeoK1tBwsjMg40VYCnx7U8+sbw="}},"lJdMGGcOacaj8L83bFHiGZoZKxM/chJvgpkRv3K6AKY=":{"valueMac":{"type":"Buffer","data":"M/TGW+X1HY7W9pSAaWpSdPUwbVLfBUBvLQMEDg4WUb8="}},"mGHKu1z4DyyWaxfauCa4Gey52xG7HPgCPqk4x3zrUFY=":{"valueMac":{"type":"Buffer","data":"n2kacGbQaJAsJuG3pJ66OJxQRxygBCgIBG/ilD6c/Dw="}},"mTPuNphiWotPOgPKdYOPYrc0aptQkYmB3PJgzKKWusg=":{"valueMac":{"type":"Buffer","data":"dtysqVuV8I3Ap9zn0wcaPfHoRRs4jtc245kEcLiDui4="}},"mW1VUHqsIYfsACcMOnkaI/zV4Kj1+EqWiE2HBikyTAc=":{"valueMac":{"type":"Buffer","data":"6ddVNCp+m4IKo51m2MDo5OOW+QifbpuHBCa5rqGntjM="}},"nAeeD3yEEm1RPAewRisCFtpxgmPCaI6tkFAh4pgE/1I=":{"valueMac":{"type":"Buffer","data":"NJbLUHkd0yv+CrEV5e2ZcpYxU2l+CcnrOdxnenBaa8s="}},"nKCJ7gR+r4FmnQjRkCcmJFKWcF193V17kY75la+R/84=":{"valueMac":{"type":"Buffer","data":"3xdbkDNTtm1ilfVSDPQ1fXzWEOvKMf5hRuzwg6qkizY="}},"naZNj8HZSt6wMXZ1TdG4K45Gv44fHwLjDODBwsaZZME=":{"valueMac":{"type":"Buffer","data":"2nxMiVFBUfVdsZ2mEmJvdvQUapmSjamvtD4YGv9meI0="}},"o+b2giG2RqakVgs/T1RGyN04WefB+6Y1M6gZLjxYt2c=":{"valueMac":{"type":"Buffer","data":"QlYpC9PwaMRcndXOu2ygn381b5rcRpC4VTbaNg/vqfI="}},"pIzi0bN3/j36HlO5HwJNusjxbDi1Dj3JJUk8AVFe6uI=":{"valueMac":{"type":"Buffer","data":"8Dsic+btoU4WZ9Us5RujwZwVipQljA94GgDrKmDANlw="}},"pggSFloKuQrzMqq61g6zJJZ4mjWnUO4Qs1GErqmDX8M=":{"valueMac":{"type":"Buffer","data":"k/UWoOhPc+YzPd2Un2z27UmjOi9fVzurcwZcg8VUISc="}},"phRyAeUWAxWMSUXorOfmp5JCfJP0NYoNDTnBbmih4uk=":{"valueMac":{"type":"Buffer","data":"N6pSpf8Ij1W+FgqHd3JEUjCywOyKSRTes0oxGcYrhFY="}},"r0S5skD0LO9cKqMgtC64UVAXo+oaZPk590cXIrYaipI=":{"valueMac":{"type":"Buffer","data":"KVba7yy9aw6D/drkkn/XAjrCU4I684tiF8Ncndt7eUw="}},"sn0JOCrq9f8UxYCuVB2gjL/hvO06VEBAQ8aztdChzX8=":{"valueMac":{"type":"Buffer","data":"iEI73dE0h9CdNQVS1828bHHnNEd6Iu/YrrDa3PmOLvg="}},"s3FSnml9KVl5siZTxaEIbSJZtzywWZ9e2jqc6O4QG8Q=":{"valueMac":{"type":"Buffer","data":"lnHWwmi2uZhc8s0e6BxxJqwR5gg4VvpXfLD0SkPZmbo="}},"tuxdepACRKx3mUJGBKIbC0CY1bXkWBK8GovAkouZMX8=":{"valueMac":{"type":"Buffer","data":"C25HouIlqIqnA9XEQMOOmaERwN8Ujv2DqQ/HM84vNa8="}},"uIGhi7WH99axhYFRys7JPw/OIma7YLqInS8yMLFm4Cg=":{"valueMac":{"type":"Buffer","data":"2XIzKK2Jg4saQ6z73O2fnpMnPLr0dQAf+z9UhNRTZcc="}},"uRY81k1jj4RZxSk0Ro1K5mDjsvsujfXpSWwgtfL8n5o=":{"valueMac":{"type":"Buffer","data":"RkKrM6KhhCKh1HrR3ePoJ9qtWSn+XMr0q3jE62xBfmw="}},"vHHZQAOCPRsRMfSFQaxXGXsoNjm8Pk51oUKUpXk7pXw=":{"valueMac":{"type":"Buffer","data":"OyBS3ixP/T/zbiyWxKl6XfhgRyqy8ggoMsNZ9PQurlw="}},"vliJSBbMFaATyG1TMS5pd2czyHXdstyXd9XQX/bZJ9U=":{"valueMac":{"type":"Buffer","data":"pEILYwkeue/BOuzJ6nSoe3+VkouSaUtyimGU8KyhBHU="}},"vx72b00Mi+HEPrc7C62zGESc01R1TsPkqEdswILLKlE=":{"valueMac":{"type":"Buffer","data":"ka9sYnnkjBrDetm65c4t3oTBsLiQ6O4g2HI1h1r8bus="}},"wEDczYFtqKrjl0mffGM07l4+Bxu5/ZWlR21udGmkAWc=":{"valueMac":{"type":"Buffer","data":"n5mqv8a+kfKrY23aS7Y+iX+W2Zw3t3SDZ1aHuLofvTw="}},"wYTBZlldDIe2GuXCHamOrcWYtKE77K/dmawogUgZp1s=":{"valueMac":{"type":"Buffer","data":"dgM4qm9DHJ4aW0+EX+sQbODLpMt1Ry3YH6JFmeXUwfg="}},"xJvMsE6q4D7ZxBz5+cr2+/BgqaijKOlWgxKgTB8emvE=":{"valueMac":{"type":"Buffer","data":"Vg0BMyD0dQwV5RK7t+P0gthyKaOchCSA0ebdLZGafJ8="}},"xbGv3Zr2oMHullMKmXk43h9E7fp0ivleqnweacjX6Tw=":{"valueMac":{"type":"Buffer","data":"lNwTyasosAa817PV8K7w3y8stCSw8tKJZPrObj817QQ="}},"x0ESqsHnP9tHzP0kNpZJo9zZwXOfIfH3NZt8IMakxyY=":{"valueMac":{"type":"Buffer","data":"HiowVrc2BszQy2ttpyvOMeTsu3v/A0kn22YbJwTBUwU="}},"yZs2goDMJgPTmHlwxgTkxPVx8QWn6+zy1sRqaMuj83U=":{"valueMac":{"type":"Buffer","data":"Ok/+dP03TVpbtuDQfQ1Jqu2CU5UFBIQsWWSRFlRCVcI="}},"ytHV9RutoPbRs8911L/Wfx/YklxaVCTGpgvzknTQPBY=":{"valueMac":{"type":"Buffer","data":"uGW6gg2fyTXhgHK/QtF0biFH/qPlSayo+UZSZoIR0YA="}},"y5amdcgWdmsyb+XJsGAHun3AbwfEHrmhgmFDV/B2gKs=":{"valueMac":{"type":"Buffer","data":"THtT7J96JGdGC33omWll3U40FQKBxqNxFbD/DJgTuRo="}},"zcXdjhhrmKNUV7XYGadpQ3A5O2U7ysDzOpcLE2E7LCo=":{"valueMac":{"type":"Buffer","data":"CQaCeSNiEaeLBPhhE4gszq61KQyqBl7vOuBrhI3HRJ4="}},"zh/joSFO9yPmAT4wUm/3r72kYiQIOoxz34+Dli4hGY0=":{"valueMac":{"type":"Buffer","data":"xguzf3Q/TgIURugQVDi6IgqgiDk1VYvv56Fl/LBy1nc="}},"zi7Dzy28aeh4YdUcQAM2gUY3jJkAe1xXpbqOhguMSgY=":{"valueMac":{"type":"Buffer","data":"FnbC26B88FC7uoT4m48lUnQfR7VJ3ybnSdGBtlATDyA="}},"zv2rsDAWBd2b58qUNPs3C+D8zLmmaHmTF290bnBdD0Y=":{"valueMac":{"type":"Buffer","data":"k6IK1W5rtaiDfb2Fj/BDvKPaoCgCuh580k2ZnEMyZxU="}},"0oeRWOlr6pmPD+Fv+wyOM15nktmV5SlNB12y/YNQWEY=":{"valueMac":{"type":"Buffer","data":"QztOjG2/rDiTiYqLnh8irUSx+11gOF+S34BtLw2NEmY="}},"0onpUmhaQEok2bFhBopq8HjUz2PK4Rr1DWIcyF8tKjo=":{"valueMac":{"type":"Buffer","data":"/jHb7CocPBpW98zzsqzQaq/y95DPp3nZOVsAGWcK8Gg="}},"1JhpSty0Fe5DNRo/vt6KspckBzcw8ysmkWLtcgjGtQc=":{"valueMac":{"type":"Buffer","data":"7UxdHk6JW8J9uQXRh+egOfSui2OE6n8ZplDkYQpuSyg="}},"1rdkf0kIY1b3MhhRmny3fhCZbNsXpOhIqViUM2xMcgg=":{"valueMac":{"type":"Buffer","data":"+zWrSVhFx96Z7Vp9mHxFSZjS3KjPKTIF5aSmOT4RADI="}},"17T+WXxMw8vuh6vVtadYQkUgstUTDOcxR77Ch9q+aJs=":{"valueMac":{"type":"Buffer","data":"E81zW+vMm9hgkiPWEX/3ipb+oUFdZu0SPwDbSghGLEw="}},"3BwtydWe3uthLcV8gA/GXgtHKFb2OF5UlzXXrgrQ1Dk=":{"valueMac":{"type":"Buffer","data":"0qth6AnGOGjseFwGSWjfLlrLyCpo0GKqs4ugYGZR6xg="}},"4SmfnMT1YfN+/rTcbqNYWXnLd1rG85mLrEdfYlORt7M=":{"valueMac":{"type":"Buffer","data":"bBfIt5hPsBJ/Hcytwdxrw+BXK9iUsTiLaxYENwn1PrY="}},"4myKlgF8wYpHxezQY04IBpX8Nl4eq5b8y714uyEVIxY=":{"valueMac":{"type":"Buffer","data":"k1AuIbOm6tnUXX1ED5FQft+GWHuSniYRK8x4vjaCQEQ="}},"5C3ojuJYocyYxhicv1lAIt7/ijTrm02dLB5a3u1d2IE=":{"valueMac":{"type":"Buffer","data":"+l1MbfV9puMQ76kTvfi+kjRYlgPPNTgu35X3RXsrD5s="}},"5FP6VP0nzII21DX025IzBAkPl6liyi0tBXLhpKyNp38=":{"valueMac":{"type":"Buffer","data":"8kWaaMvLuW0fRe6Vgp+f2t5EmpeyiIK6UElVxjwSoyA="}},"5G7FrOJpBVNihxnXhU2yeAipET/qfdGS18TFZ0+nRJM=":{"valueMac":{"type":"Buffer","data":"dM9yjtSAcUQ8A/4lbfOe1CuUf49rAzEfFb5i8QNwdGg="}},"5+VvU/eVc3XkN+/yl2SiB3SoU9Xxh9Tzv47EWTxocsI=":{"valueMac":{"type":"Buffer","data":"J/nRl1ltub50Ime3l7pdiCSAJaJMyQ75s+9/2YQ6NJY="}},"6GQNT2Sl1RYl9kMyM1itaRlGOcUVgWLRjEL/xBE7OAI=":{"valueMac":{"type":"Buffer","data":"9vh7r719yxoKTOVmepQ2OlBIWBSXF/IYCJ2YFch8yBw="}},"7RImcfyGui3fwqz7A0gjbVQyY/dYoHDiU4xpoUm1yY8=":{"valueMac":{"type":"Buffer","data":"yIRBTlNdpzwmCth2MCFukifzuhQr1DMFk0wm6JbCtNs="}},"9lP2XMRm6a6KS1WixnUK0KCVCm23kza9vwAW+t3Vagc=":{"valueMac":{"type":"Buffer","data":"Z8E29RFhFxuxTOH8fmsl6fduNp34qy6q4lBhWKxmyQ8="}},"+Qc2Mt7CshiQxy18ZwQXA1gDPm/SvaeIJMwboeRQdOQ=":{"valueMac":{"type":"Buffer","data":"IpiiED+O3WXJb+p7HPJ/XNn1FIC4FKwjUynyk/Xkp08="}},"+Vg7YHCpG/bv/Prj13uAfkTc7BMtwPScKCVm0v0qZWs=":{"valueMac":{"type":"Buffer","data":"5tyP+1FhQIvZZgLLZO6N53dSCtVSIZXTNcit/z3owyk="}},"+iizyKaeOGF6utoZh411Fa10Qhr05YjIJmD5alYqqeU=":{"valueMac":{"type":"Buffer","data":"cFQJlr7tWJwxv8aVUcukNbIZYhJR5zcbGSQsrlrZEWk="}},"+0A4QlZLQaVDUdaNcwlp+YYVq8GddwMr4EH+DwfHC9o=":{"valueMac":{"type":"Buffer","data":"EIQ4VQ91DLOaDlCwXaEYSF+8WzYJXXBvWIfr69eO7NI="}},"/I20exDUJIktzzvorWfSSvItANwzIjD8qUULMXJ7Mj4=":{"valueMac":{"type":"Buffer","data":"6pkLW6TpcZ6zjoQOR81Bf5u2dX1sIBoNM7nNWRl8giE="}},"/KaBBhEl1iHR8eb2Kf1Q5HBWIbtGreS/MUD+gY1gFjA=":{"valueMac":{"type":"Buffer","data":"S1pW1WtlkumMkzEHzqrjXcquR1mkj+DPFm/xasVhzqk="}},"/nKEAPeJGsWGQsoC5oqMJ0wXy8+KLGuJloAq75ARiak=":{"valueMac":{"type":"Buffer","data":"ivQ9+g2c/TIm7BjzqE9z3LXkBjf21z7d/A8jlo3GCRs="}}}}