{"noiseKey":{"private":{"type":"Buffer","data":"0NukyJJTXHtZpUX5qCdKHHhEoqaxeW1/LSbuGvKhZ2c="},"public":{"type":"Buffer","data":"FQYSR+BqrgtNmv2/ErzVT3Rss+57TGJn48E4eChztSo="}},"signedIdentityKey":{"private":{"type":"Buffer","data":"EBuOpVqQf5nh1su7CevMCjCmozPWLdAMVgEuEJ7ZkkE="},"public":{"type":"Buffer","data":"olHN7+Vp/sxDQZAS+ln01ApxEnPBnJzw4sOckvI5Zn8="}},"signedPreKey":{"keyPair":{"private":{"type":"Buffer","data":"wHp2tvJ7dHNB+VO/UHha+Mx3jVorDL867If9ZNqv8XY="},"public":{"type":"Buffer","data":"fESgfNqTYjcOR6kmkzwMTmxkT1wgfxJfMbhzoKtXxTY="}},"signature":{"type":"Buffer","data":"GYoVGQG18GDV5wmSUeAsMZSSHhzmX+ClJOBCPkUflNUBh7gAANlPYzglKoJvK6E8pS077jaPXakAJlw8EFagBA=="},"keyId":1},"registrationId":204,"advSecretKey":"iGDSdiiLtmoeSjOmdTC6ehJ2MNvvagX3boVl9kkTEic=","processedHistoryMessages":[{"key":{"remoteJid":"559884823698@s.whatsapp.net","fromMe":true,"id":"966CEF644C071EC663643FB88D10B26D"},"messageTimestamp":1689953957},{"key":{"remoteJid":"559884823698@s.whatsapp.net","fromMe":true,"id":"1EED252F0176C1E5E34BFD309621BB09"},"messageTimestamp":1689953957},{"key":{"remoteJid":"559884823698@s.whatsapp.net","fromMe":true,"id":"C77B536E08904361EC9EB9EEBC2C7FAE"},"messageTimestamp":1689954000},{"key":{"remoteJid":"559884823698@s.whatsapp.net","fromMe":true,"id":"A9D51290DDF40A4D520663EB8478AF29"},"messageTimestamp":1689954015},{"key":{"remoteJid":"559884823698@s.whatsapp.net","fromMe":true,"id":"2CD159A390614B5DA1E672182CB6BCCE"},"messageTimestamp":1689954015}],"nextPreKeyId":745,"firstUnuploadedPreKeyId":745,"accountSyncCounter":1,"accountSettings":{"unarchiveChats":false},"account":{"details":"CPOC/6oCEIjN6qUGGAI=","accountSignatureKey":"VUb8AOtIH6xYWCqi1/bN/51VAEAr+ctKNer2aTdhMAU=","accountSignature":"vKt0mEXG1bA9QQmqG7Q2CW+erZ9STPn8jZfbTEtzWKAv/62bPNGhYpqbj3SxrgHtFK4IFwH+Gj/m30x16nIRAQ==","deviceSignature":"Pq04nGsGB2Is3G7S3+v29vztUdbwgk6CpzZMEgf31k8LyAtZM9UxvNIKOMBEj/fIOgPT1R6wYIbvgMfJ5tQzBQ=="},"me":{"id":"559884823698:33@s.whatsapp.net","name":"Wandinha Multi-deves"},"signalIdentities":[{"identifier":{"name":"559884823698:33@s.whatsapp.net","deviceId":0},"identifierKey":{"type":"Buffer","data":"BVVG/ADrSB+sWFgqotf2zf+dVQBAK/nLSjXq9mk3YTAF"}}],"platform":"android","lastAccountSyncTimestamp":1690928200,"myAppStateKeyId":"AAAAAPn9"}